{
  "Forget Password" : {
    "transaction" : "Forget Password",
    "sampleCount" : 50,
    "errorCount" : 0,
    "errorPct" : 0.0,
    "meanResTime" : 1466.1200000000001,
    "medianResTime" : 1752.0,
    "minResTime" : 734.0,
    "maxResTime" : 1948.0,
    "pct1ResTime" : 1884.9,
    "pct2ResTime" : 1929.85,
    "pct3ResTime" : 1948.0,
    "throughput" : 5.889281507656066,
    "receivedKBytesPerSec" : 4.27893109540636,
    "sentKBytesPerSec" : 1.9496742491166077
  },
  "Check Health" : {
    "transaction" : "Check Health",
    "sampleCount" : 50,
    "errorCount" : 0,
    "errorPct" : 0.0,
    "meanResTime" : 3816.8199999999997,
    "medianResTime" : 3916.0,
    "minResTime" : 2832.0,
    "maxResTime" : 4402.0,
    "pct1ResTime" : 4358.9,
    "pct2ResTime" : 4383.45,
    "pct3ResTime" : 4402.0,
    "throughput" : 11.355893708834886,
    "receivedKBytesPerSec" : 7.219420707472179,
    "sentKBytesPerSec" : 2.284486429707018
  },
  "Login User" : {
    "transaction" : "Login User",
    "sampleCount" : 100,
    "errorCount" : 0,
    "errorPct" : 0.0,
    "meanResTime" : 3067.6800000000003,
    "medianResTime" : 3639.5,
    "minResTime" : 831.0,
    "maxResTime" : 4300.0,
    "pct1ResTime" : 4190.7,
    "pct2ResTime" : 4240.3,
    "pct3ResTime" : 4299.71,
    "throughput" : 2.6658136063126467,
    "receivedKBytesPerSec" : 2.137336885529964,
    "sentKBytesPerSec" : 0.8721167559714225
  },
  "Create Note 1" : {
    "transaction" : "Create Note 1",
    "sampleCount" : 50,
    "errorCount" : 0,
    "errorPct" : 0.0,
    "meanResTime" : 2335.4,
    "medianResTime" : 1972.5,
    "minResTime" : 747.0,
    "maxResTime" : 3753.0,
    "pct1ResTime" : 3662.2,
    "pct2ResTime" : 3732.5,
    "pct3ResTime" : 3753.0,
    "throughput" : 4.58547322083639,
    "receivedKBytesPerSec" : 4.410831174339692,
    "sentKBytesPerSec" : 2.024056538884813
  },
  "Delete User" : {
    "transaction" : "Delete User",
    "sampleCount" : 50,
    "errorCount" : 0,
    "errorPct" : 0.0,
    "meanResTime" : 1176.5200000000002,
    "medianResTime" : 962.0,
    "minResTime" : 820.0,
    "maxResTime" : 1956.0,
    "pct1ResTime" : 1889.9,
    "pct2ResTime" : 1935.0,
    "pct3ResTime" : 1956.0,
    "throughput" : 3.5984166966534725,
    "receivedKBytesPerSec" : 2.315777932709608,
    "sentKBytesPerSec" : 1.0261110111550917
  },
  "Register User" : {
    "transaction" : "Register User",
    "sampleCount" : 50,
    "errorCount" : 0,
    "errorPct" : 0.0,
    "meanResTime" : 4066.1600000000003,
    "medianResTime" : 4446.5,
    "minResTime" : 2106.0,
    "maxResTime" : 4806.0,
    "pct1ResTime" : 4752.0,
    "pct2ResTime" : 4755.9,
    "pct3ResTime" : 4806.0,
    "throughput" : 9.389671361502348,
    "receivedKBytesPerSec" : 7.04225352112676,
    "sentKBytesPerSec" : 3.099325117370892
  },
  "GET User Profile" : {
    "transaction" : "GET User Profile",
    "sampleCount" : 50,
    "errorCount" : 0,
    "errorPct" : 0.0,
    "meanResTime" : 1294.2199999999998,
    "medianResTime" : 1504.0,
    "minResTime" : 696.0,
    "maxResTime" : 1676.0,
    "pct1ResTime" : 1612.7,
    "pct2ResTime" : 1639.6999999999998,
    "pct3ResTime" : 1676.0,
    "throughput" : 6.502796202367018,
    "receivedKBytesPerSec" : 4.750089413447783,
    "sentKBytesPerSec" : 1.6701517590063728
  },
  "Create Note 2" : {
    "transaction" : "Create Note 2",
    "sampleCount" : 50,
    "errorCount" : 0,
    "errorPct" : 0.0,
    "meanResTime" : 1737.5999999999997,
    "medianResTime" : 1844.5,
    "minResTime" : 745.0,
    "maxResTime" : 2095.0,
    "pct1ResTime" : 1982.7,
    "pct2ResTime" : 2062.7999999999997,
    "pct3ResTime" : 2095.0,
    "throughput" : 4.232266802099204,
    "receivedKBytesPerSec" : 4.071076953191129,
    "sentKBytesPerSec" : 1.8681490181141018
  },
  "Update Note By ID" : {
    "transaction" : "Update Note By ID",
    "sampleCount" : 50,
    "errorCount" : 0,
    "errorPct" : 0.0,
    "meanResTime" : 1554.08,
    "medianResTime" : 1800.5,
    "minResTime" : 746.0,
    "maxResTime" : 1984.0,
    "pct1ResTime" : 1886.1,
    "pct2ResTime" : 1927.9499999999998,
    "pct3ResTime" : 1984.0,
    "throughput" : 4.1813012209399565,
    "receivedKBytesPerSec" : 3.9485530084462286,
    "sentKBytesPerSec" : 1.9722348532363272
  },
  "Partial Modification" : {
    "transaction" : "Partial Modification",
    "sampleCount" : 50,
    "errorCount" : 0,
    "errorPct" : 0.0,
    "meanResTime" : 1431.1799999999998,
    "medianResTime" : 1617.0,
    "minResTime" : 736.0,
    "maxResTime" : 1876.0,
    "pct1ResTime" : 1803.5,
    "pct2ResTime" : 1851.45,
    "pct3ResTime" : 1876.0,
    "throughput" : 3.648303538854433,
    "receivedKBytesPerSec" : 3.448786939073331,
    "sentKBytesPerSec" : 1.1757228201386356
  },
  "Delete Note By ID" : {
    "transaction" : "Delete Note By ID",
    "sampleCount" : 50,
    "errorCount" : 0,
    "errorPct" : 0.0,
    "meanResTime" : 1206.6199999999997,
    "medianResTime" : 1337.0,
    "minResTime" : 744.0,
    "maxResTime" : 1726.0,
    "pct1ResTime" : 1632.2,
    "pct2ResTime" : 1670.35,
    "pct3ResTime" : 1726.0,
    "throughput" : 3.4148340390657013,
    "receivedKBytesPerSec" : 2.187628056276465,
    "sentKBytesPerSec" : 1.00710925761508
  },
  "Get All Notes" : {
    "transaction" : "Get All Notes",
    "sampleCount" : 50,
    "errorCount" : 0,
    "errorPct" : 0.0,
    "meanResTime" : 1552.8200000000002,
    "medianResTime" : 1583.0,
    "minResTime" : 732.0,
    "maxResTime" : 3498.0,
    "pct1ResTime" : 1780.6,
    "pct2ResTime" : 1834.1499999999999,
    "pct3ResTime" : 3498.0,
    "throughput" : 3.9622791029400117,
    "receivedKBytesPerSec" : 5.06893127426896,
    "sentKBytesPerSec" : 0.986700362548538
  },
  "Verify Partial Modification" : {
    "transaction" : "Verify Partial Modification",
    "sampleCount" : 50,
    "errorCount" : 0,
    "errorPct" : 0.0,
    "meanResTime" : 1318.32,
    "medianResTime" : 1437.5,
    "minResTime" : 699.0,
    "maxResTime" : 1807.0,
    "pct1ResTime" : 1663.2,
    "pct2ResTime" : 1712.6499999999999,
    "pct3ResTime" : 1807.0,
    "throughput" : 3.471498993265292,
    "receivedKBytesPerSec" : 3.2884316635423176,
    "sentKBytesPerSec" : 0.9492380059709782
  },
  "GET Note by ID" : {
    "transaction" : "GET Note by ID",
    "sampleCount" : 50,
    "errorCount" : 0,
    "errorPct" : 0.0,
    "meanResTime" : 1497.22,
    "medianResTime" : 1667.0,
    "minResTime" : 706.0,
    "maxResTime" : 1862.0,
    "pct1ResTime" : 1784.2,
    "pct2ResTime" : 1810.4499999999998,
    "pct3ResTime" : 1862.0,
    "throughput" : 4.6040515653775325,
    "receivedKBytesPerSec" : 4.437694233425415,
    "sentKBytesPerSec" : 1.2589203499079191
  },
  "Total" : {
    "transaction" : "Total",
    "sampleCount" : 850,
    "errorCount" : 0,
    "errorPct" : 0.0,
    "meanResTime" : 2004.8929411764698,
    "medianResTime" : 1670.0,
    "minResTime" : 696.0,
    "maxResTime" : 4806.0,
    "pct1ResTime" : 4063.2,
    "pct2ResTime" : 4291.7,
    "pct3ResTime" : 4627.890000000001,
    "throughput" : 7.1254924972755465,
    "receivedKBytesPerSec" : 6.007631743021209,
    "sentKBytesPerSec" : 2.253731714728812
  },
  "GET Note by ID After Update" : {
    "transaction" : "GET Note by ID After Update",
    "sampleCount" : 50,
    "errorCount" : 0,
    "errorPct" : 0.0,
    "meanResTime" : 1329.28,
    "medianResTime" : 1494.5,
    "minResTime" : 702.0,
    "maxResTime" : 1802.0,
    "pct1ResTime" : 1629.6,
    "pct2ResTime" : 1657.7499999999998,
    "pct3ResTime" : 1802.0,
    "throughput" : 3.9435286694534266,
    "receivedKBytesPerSec" : 3.7317180475589558,
    "sentKBytesPerSec" : 1.0783086205536714
  },
  "Logout User" : {
    "transaction" : "Logout User",
    "sampleCount" : 50,
    "errorCount" : 0,
    "errorPct" : 0.0,
    "meanResTime" : 2165.4600000000005,
    "medianResTime" : 2303.5,
    "minResTime" : 740.0,
    "maxResTime" : 3169.0,
    "pct1ResTime" : 3098.5,
    "pct2ResTime" : 3143.7,
    "pct3ResTime" : 3169.0,
    "throughput" : 5.008514474606832,